brand,product_name,shades,price,size,rating,reviews_count,product_url,image_path
rhode,Pocket Blush Buildable Hydrating Cream Blush,"Piggy - baby pink NEW, Sprinkle - warm pearly pink NEW, Juice Box - hot pink NEW, Spicy Marg - bright coral NEW, Freckle - neutral peach NEW, Tan Line - pinky tan OUT OF STOCKNEW, Sleepy Girl - soft mauve NEW, Toasted Teddy - bronze terracotta NEW, Sun Soak - spiced orange NEW, Date Cake - warm red berry NEW, , , , , , , , , , ",$25.00,Size 0.18oz/5.3g,4.2,413 Reviews*,./imagenes/0.jpg
PATRICK TA,Major Headlines Double-Take Crème & Powder Blush Duo,"Just Enough - soft blue pink, Not Too Much - soft rosey taupe, She's the Moment (soft tangerine) - golden peach, She's Vibrant - bright pinky coral, She's a Doll - bright neutral pink, She's Giving - vibrant blue pink, She's That Girl - soft pink, She's Flushed - soft peachy pink, She's Blushing - dusty rose, She's Wanted - rich berry, She's So LA - bronzed nude, She Goes To The Gym - cool mauve rose, She Left Me On Red - warm vivid red, She Knows Who She Is - terracotta, She's Seductive - warm mauve rose, , , , , , , , , , , , , , , ",$38.00,Size 0.17 oz crème and 0.17 oz powder/5 g crème and 5 g powder,4.7,3.747 Reviews*,./imagenes/1.jpg
Valentino,Eye2Cheek Eyeshadow and Blush,"01 Born In Roma - poppy bright pink with light reflecting pearls, 02 Very Rose - cool rosebud pink with light reflecting pearls, 03 Rosa Emozione - cool dusty pink with a touch of lavender and light reflecting pearls, 04 Sweet Rebel - warm rose with light reflecting pearls, 05 Rosso Valentino - red coral rose with light reflecting pearls, 06 Call Me Coral - pink coral with light reflecting pearls, 08 Roman Sky - light peachy pink with light reflecting pearls, 10 Fuschia Illusion - intense raspberry with light reflecting pearls, , , , , , , , ",$52.00,Size 3.6 g,4.6,529 Reviews*,./imagenes/2.jpg
Rare Beauty by Selena Gomez,Soft Pinch Liquid Blush,"Believe - true mauve, Hope - nude mauve, Encourage - soft neutral pink, Happy - dewy cool pink, Joy - dewy muted peach, Lucky - dewy hot pink, Grateful - dewy true red, Worth - true rose, Virtue - beige peach, Adore - bright pink NEW, Spirited - midtone violet NEW, Resilience - warm chestnut NEW, Hope - nude mauve LIMITED EDITION, Happy - dewy cool pink, Charm - coral pink, Grateful - dewy true red, Spirited - mid-tone violet LIMITED EDITION, Wonder - rose mauve LIMITED EDITION, Bliss - matte nude pink, Love - matte terracotta, Grace - matte bright rose mauve, Faith - matte deep berry, Faith - deep berry, , , , , , , , , , , , , , , , , , , , , , , ",$25.00,Size 0.25 oz/7.5 mL,4.5,11.894 Reviews*,./imagenes/3.jpg
Saie,Dew Blush Liquid Cream Blush,"Lady - Nude Mauve, Flirty - Watermelon, Hottie - Papaya, Rosy - soft rose, Sweetie - neutral pink, Chilly - mauve, Dreamy - bright berry, Spicy - warm terracotta, Poppy - bright coral, Cutie - warm dusty rose, Baby - cool baby pink, , , , , , , , , , , ",$26.00,Size 0.40 oz/12 mL,4.5,3.019 Reviews*,./imagenes/4.jpg
Rare Beauty by Selena Gomez,Mini Soft Pinch Liquid Blush,"Hope - nude mauve LIMITED EDITION, Happy - dewy cool pink, Charm - coral pink, Grateful - dewy true red, Wonder - rose mauve LIMITED EDITION, Spirited - mid-tone violet LIMITED EDITION, Faith - deep berry, , , , , , , ",$15.00,Size 0.11 oz/3.2 mL,4.4,1.436 Reviews*,./imagenes/5.jpg
SEPHORA COLLECTION,Sephora Colorful® Blush,"49 Shine Bright - bronze orangey coral SALE, 23 Passionate - deep bronze coral SALE, 29 Fascinated - intense tangerine SALE, 16 Heated - deep mauve rose, 06 Flirt It Up - intense strawberry, 01 Shame On You - muted dusty rose, 50 Over The Top - bright pinky coral, 17 Hey Jealousy - deep berry pink, 05 Sweet On You - intense watermelon rose, 51 Trust Yourself - muted lilac pink, , , , , , , , , , ",$7.00,Size 0.12 oz / 3.5 g,4.3,596 Reviews*,./imagenes/6.jpg
Rare Beauty by Selena Gomez,Soft Pinch Luminous Powder Blush,"Cheer (Selena's custom shade) - light warm pink, Hope - nude mauve, Happy - cool pink, Truth - mauve maroon, Love - terracotta, Joy - muted peach, , , , , , ",$27.00,Size 0.098 oz,4.2,2.884 Reviews*,./imagenes/7.jpg
NARS,Talc-Free Powder Blush,"Orgasm X – 776 - shimmering deep coral with gold pearl, Orgasm Rush – 775 - deep rose bronze with shimmer, Deep Throat – 237 - soft pink with golden sheen, Orgasm – 777 - peachy pink with golden shimmer, Orgasm Edge – 778 - mini matte peachy pink (no shimmer), Orgasm – 777 - mini peachy pink with golden shimmer, Orgasm – 777 - refill peachy pink with golden shimmer OUT OF STOCK, Sex Appeal – 920 - refill matte soft peach, Dolce Vita – 888 - matte dusty rose, Amour – 901 - matte warm pink, Behave – 900 - matte pink mauve, Thrill – 950 - matte cool light pink, Dominant – 951 - matte poppy pink, Exhibit A – 953 - matte red, Sex Appeal – 920 - matte soft peach, Orgasm Edge – 778 - matte peachy pink (no shimmer), Teased - Matte fuchsia, Impassioned - 903 - matte pink orchid, , , , , , , , , , , , , , , , , , ",$36.00,Size 0.17 oz / 4.8 g,4.3,701 Reviews*,./imagenes/8.jpg
SEPHORA COLLECTION,Blush Blush Blush. Cream & Powder Palette,"01 Candy Lover - fresh pink blush palette SALELIMITED EDITION, 02 Sunset Chaser - bright peach blush palette SALELIMITED EDITION, 03 Deal Closer - muted berry blush palette OUT OF STOCKSALELIMITED EDITION, 04 Heart Breaker - vibrant red blush palette SALELIMITED EDITION, , , , ",$9.00,Size 0.26 oz / 7.7 mL,4.4,72 Reviews*,./imagenes/9.jpg
Yves Saint Laurent,Make Me Blush 24H Buildable Powder Blush,"6 Rose Haze - soft nude pink, 37 Peachy Nude - warm teracotta matte, 54 Berry Bang - pink raspberry matte OUT OF STOCK, 87 Pink Voltage - cool vibrant pink matte, 23 Hot Mauve - warm rosey taupe matte NEW, 42 Babydoll Pink - cool baby pink satin, 44 Nude Lavalliere - iconic dusty pink satin, 93 Restless Rose - peachy pink satin, 83 Spicy Berry - deep plum satin, 15 Chili Crush - sun-kissed red matte NEW, , , , , , , , , , ",$46.00,Size 0.17 oz/5 g,4.8,2.188 Reviews*,./imagenes/10.jpg
Benefit Cosmetics,Benetint Liquid Lip + Cheek Blush Stain,"Benetint - rose tinted lip & cheek stain, Raspberry - raspberry-tinted lip & cheek stain, Dark Cherry - dark-cherry tinted lip & cheek stain, Playtint - pink lemonade-tinted lip & cheek stain, ChaChatint - mango-tinted lip & cheek stain, Gogotint - bright cherry tinted lip & cheek stain, Lovetint - fiery-red, Floratint - desert-rose, Benetint - rose tinted lip & cheek stain, , , , , , , , , ",$28.00,Size 0.2 oz/6 mL,4.2,6.269 Reviews*,./imagenes/11.jpg
MAKEUP BY MARIO,Mini Soft Pop Blush Stick,"(Mini) Pale Petal - soft pink, (Mini) Dusty Rose - neutral rosy mauve, (Mini) Watermelon - magenta pink, , , ",$16.00,Size 0.14 oz/4 g,4.8,218 Reviews*,./imagenes/12.jpg
MERIT,Flush Balm Cream Blush,"Cheeky - cool pink, Beverly Hills - soft peach, Persimmon - soft orange red, Stockholm - baby pink, Fox - warm taupe, Apres - soft berry, Rouge - red, Le BonBon - bright pink, Lusitano - soft peach, Archival - cool mauve, Postmodern - deep pink brown, Bespoke - medium pink brown, , , , , , , , , , , , ",$30.00,Size 0.31 oz / 9 g,4.3,1.974 Reviews*,./imagenes/13.jpg
HUDA BEAUTY,Blush Filter Soft Glow Liquid Blush,"Bubblegum - soft poppy pink, Sunset Lychee - rosy coral, Intense Guava - electric pink, Ube Cream - electric lilac LIMITED EDITION, Cotton Candy - baby pink, Peach Sorbet - peachy tangerine, Strawberry Cream - dusty rose, Watermelon Pop - warm brick, Black Cherry - burnt berry, Latte - light to medium, Coco-Loco - medium to rich, Cotton Candy and Peach Sorbet - baby pink / peachy tangerine LIMITED EDITION, Strawberry Cream and Black Cherry - dusty rose / burnt berry LIMITED EDITION, , , , , , , , , , , , , ",$23.00,Size 0.15 oz / 4.5 mL,4.8,4.041 Reviews*,./imagenes/14.jpg
HAUS LABS BY LADY GAGA,Color Fuse Talc-Free Blush Powder With Fermented Arnica,"Hibiscus Haze - mauve pink, Dragon Fruit Daze - cool pink, Watermelon Bliss - universal red, Pomelo Peach - soft coral, French Rosette - neutral rose, Fire Moon - beige peach, , , , , , ",$32.00,Size 0.18 oz / 5 g,4.6,1.047 Reviews*,./imagenes/15.jpg
Saie,SuperSuede™ Talc-Free Powder Blush,"Ciao - soft golden brown, Stella - bright coral, Mia - soft rose, Grazie - bright berry, Amore - bright fuschia, Bella - soft cool baby pink, , , , , , ",$28.00,Size .01 oz / 3 g,4.7,333 Reviews*,./imagenes/16.jpg
,,", , , , , , , , , , , , , , , , , ",,,,,./imagenes/17.jpg
ILIA,Soft Focus Blurring Blush - Talc-Free Powder Blush,"Glimpse - mauve rose NEW, Flutter - warm peach NEW, Breathless - neutral pink NEW, Pulse - bright coral NEW, Wonder - deep terracotta NEW, Closer - baby pink NEW, Magnetic - rich berry NEW, Sensation - berry rose NEW, , , , , , , , ",$36.00,Size 0.15oz/4.5g,4.9,682 Reviews*,./imagenes/18.jpg
Rare Beauty by Selena Gomez,Soft Pinch Matte Bouncy Blush,"Hope - nude mauve, Happy - cool pink, Worth - true rose, Grateful - soft red, Truth - soft plum, Thriving - bright raspberry, Alive - bright coral orange, , , , , , , ",$27.00,Size 0.22 oz / 6.4 g,4.9,1.597 Reviews*,./imagenes/19.jpg
Summer Fridays,Blush Butter Balm Hydrating Cream Blush with Peptides,"Pink Sunset - warm peachy pink NEW, Soft Strawberry - neutral pink NEW, Sweet Rosé - cool baby pink NEW, Dusty Rose - cool dusty rose NEW, Toasted Terracotta - warm rose NEW, Berry Spritz - neutral berry NEW, , , , , , ",$26.00,Size 0.14oz/3.5g,4.8,703 Reviews*,./imagenes/20.jpg
Kosas,Blush is Life Baked Talc-Free Dimensional + Brightening Blush,"Wavelength - warm peach, Heartbeat - vibrant red, Chills - cool vibrant berry, Blissed - warm peachy pink, Hype - warm poppy pink, Butterflies - cool baby pink, Adrenaline - hot fuschia, Thrill - vibrant blood orange OUT OF STOCK, Dreamland - rosy bronze, Swoon - pinky brown mauve, Euphoria - cool pinky mauve, , , , , , , , , , , ",$29.00,Size 0.16 oz/4.5 g,4.6,645 Reviews*,./imagenes/21.jpg
Tower 28 Beauty,BeachPlease Lip + Cheek Dewy Cream Blush,"Finest Hour - sun-kissed red, Golden Hour - sun-kissed orange, After Hours - sun-kissed berry, Happy Hour - sun-kissed coral pink, Power Hour - sun-kissed terracota, Rush Hour - sun-kissed peach, Office Hours - sun-kissed mauve, Magic Hour - sun-kissed rosy nude, Party Hour - sun-kissed lavendar pink, Dream Hour - sun-kissed bright pink, , , , , , , , , , ",$20.00,Size 0.16 oz / 4.5 mL,4.5,1.778 Reviews*,./imagenes/22.jpg
HAUS LABS BY LADY GAGA,Color Fuse Longwear Hydrating Glassy Lip + Cheek Blush Balm Stick,"Glassy Ginger - dusty pink, Glassy Cayenne - deep rose, Glassy Cinnamon - beige peach, Glassy Clove - brownish red, Glassy Hibiscus - deep mauve, Glassy Rosette - rose, Glassy Pomelo - peach pink, Glassy Pitaya - cool pink, Glassy Lilac - lavender, Glassy Watermelon - ruby, Glassy Tangelo - orange, Glassy Acai - black cherry, , , , , , , , , , , , ",$34.00,Size 0.18 oz/5 g,4.4,574 Reviews*,./imagenes/23.jpg
NARS,Mini Talc-Free Powder Blush,"Orgasm – 777 - mini peachy pink with golden shimmer, Orgasm Edge – 778 - mini matte peachy pink (no shimmer), , ",$18.00,Size 0.09 oz,3.4,133 Reviews*,./imagenes/24.jpg
Benefit Cosmetics,Silky-Soft Powder Blush,"Shellie - warm seashell pink, Crystah - strawberry pink, Sunny - warm coral, Blossy - warm apricot LIMITED EDITION, Butterfly - golden orange, Willa - soft neutral rose, Java - rosy mocha, PomPom - pomegranate rose, Moone - rich berry, Terra - golden brick red, Shellie - warm seashell pink, Crystah - strawberry pink, Willa - soft neutral rose, , , , , , , , , , , , , ",$34.00,Size 0.21 oz/6 g,,,./imagenes/25.jpg
